"","prod_aug","pret_aug","prod_sept","pret_sept","scor_aug_sept"
"4","ardei gras mixt 500g","6.49","<select class=""dropdown-pret""><option value=""1"">6.99</option><option value=""2"">3.49</option><option value=""3"">0.99</option><option value=""4"">10.15</option> </select>","<select class=""dropdown-pret""><option value=""1"">6.99</option><option value=""2"">3.49</option><option value=""3"">0.99</option><option value=""4"">10.15</option> </select>","<select class=""dropdown-scor""><option value=""1"">76</option><option value=""2"">70</option><option value=""3"">69</option><option value=""4"">67</option> </select>"
"6","arpacas atifco 1kg","2.8","<select class=""dropdown-pret""><option value=""1"">11.16</option><option value=""2"">6.39</option><option value=""3"">5.99</option><option value=""4"">6.59</option> </select>","<select class=""dropdown-pret""><option value=""1"">11.16</option><option value=""2"">6.39</option><option value=""3"">5.99</option><option value=""4"">6.59</option> </select>","<select class=""dropdown-scor""><option value=""1"">75</option><option value=""2"">71</option><option value=""3"">71</option><option value=""4"">71</option> </select>"
"30","carnati cabanos angst 280g","7.99","<select class=""dropdown-pret""><option value=""1"">7.05</option><option value=""2"">13</option><option value=""3"">9.15</option><option value=""4"">23.3</option> </select>","<select class=""dropdown-pret""><option value=""1"">7.05</option><option value=""2"">13</option><option value=""3"">9.15</option><option value=""4"">23.3</option> </select>","<select class=""dropdown-scor""><option value=""1"">100</option><option value=""2"">76</option><option value=""3"">73</option><option value=""4"">73</option> </select>"
"41","castraveti cornichon per kg","2.49","<select class=""dropdown-pret""><option value=""1"">4.99</option><option value=""2"">3.99</option><option value=""3"">8.99</option><option value=""4"">20.2</option> </select>","<select class=""dropdown-pret""><option value=""1"">4.99</option><option value=""2"">3.99</option><option value=""3"">8.99</option><option value=""4"">20.2</option> </select>","<select class=""dropdown-scor""><option value=""1"">77</option><option value=""2"">71</option><option value=""3"">69</option><option value=""4"">68</option> </select>"
"50","chifle albe carrefour 10buc 500g","2.6","<select class=""dropdown-pret""><option value=""1"">1.99</option><option value=""2"">0.4</option><option value=""3"">11.42</option><option value=""4"">5.27</option> </select>","<select class=""dropdown-pret""><option value=""1"">1.99</option><option value=""2"">0.4</option><option value=""3"">11.42</option><option value=""4"">5.27</option> </select>","<select class=""dropdown-scor""><option value=""1"">98</option><option value=""2"">81</option><option value=""3"">80</option><option value=""4"">78</option> </select>"
"86","ficat de porc per kg","5.99","<select class=""dropdown-pret""><option value=""1"">13.49</option><option value=""2"">8.99</option><option value=""3"">15.99</option><option value=""4"">14.99</option> </select>","<select class=""dropdown-pret""><option value=""1"">13.49</option><option value=""2"">8.99</option><option value=""3"">15.99</option><option value=""4"">14.99</option> </select>","<select class=""dropdown-scor""><option value=""1"">82</option><option value=""2"">82</option><option value=""3"">82</option><option value=""4"">82</option> </select>"
"109","lamai","7.99","<select class=""dropdown-pret""><option value=""1"">4.59</option><option value=""2"">9.99</option><option value=""3"">9.59</option><option value=""4"">8.99</option> </select>","<select class=""dropdown-pret""><option value=""1"">4.59</option><option value=""2"">9.99</option><option value=""3"">9.59</option><option value=""4"">8.99</option> </select>","<select class=""dropdown-scor""><option value=""1"">100</option><option value=""2"">100</option><option value=""3"">100</option><option value=""4"">100</option> </select>"
"113","lapte semidegresat ladorna 1.5% grasime 1l","4.3","<select class=""dropdown-pret""><option value=""1"">3.55</option><option value=""2"">4.1</option><option value=""3"">4.21</option><option value=""4"">6.1</option> </select>","<select class=""dropdown-pret""><option value=""1"">3.55</option><option value=""2"">4.1</option><option value=""3"">4.21</option><option value=""4"">6.1</option> </select>","<select class=""dropdown-scor""><option value=""1"">94</option><option value=""2"">93</option><option value=""3"">92</option><option value=""4"">91</option> </select>"
"134","nectarine per kg","4.99","<select class=""dropdown-pret""><option value=""1"">6.59</option><option value=""2"">3.99</option><option value=""3"">35.99</option><option value=""4"">4.99</option> </select>","<select class=""dropdown-pret""><option value=""1"">6.59</option><option value=""2"">3.99</option><option value=""3"">35.99</option><option value=""4"">4.99</option> </select>","<select class=""dropdown-scor""><option value=""1"">86</option><option value=""2"">71</option><option value=""3"">69</option><option value=""4"">69</option> </select>"
"149","paste fainoase elice pambac 400g","2.8","<select class=""dropdown-pret""><option value=""1"">2.75</option><option value=""2"">2.19</option><option value=""3"">2.19</option><option value=""4"">1.15</option> </select>","<select class=""dropdown-pret""><option value=""1"">2.75</option><option value=""2"">2.19</option><option value=""3"">2.19</option><option value=""4"">1.15</option> </select>","<select class=""dropdown-scor""><option value=""1"">100</option><option value=""2"">79</option><option value=""3"">76</option><option value=""4"">76</option> </select>"
"158","piept de pui la gratar carrefour produse din pui 210g","8.49","<select class=""dropdown-pret""><option value=""1"">8.57</option><option value=""2"">1.3</option><option value=""3"">0.63</option><option value=""4"">15.38</option> </select>","<select class=""dropdown-pret""><option value=""1"">8.57</option><option value=""2"">1.3</option><option value=""3"">0.63</option><option value=""4"">15.38</option> </select>","<select class=""dropdown-scor""><option value=""1"">77</option><option value=""2"">76</option><option value=""3"">71</option><option value=""4"">71</option> </select>"
"159","piersici import per kg","3.99","<select class=""dropdown-pret""><option value=""1"">7.99</option><option value=""2"">6.99</option><option value=""3"">2.49</option><option value=""4"">9.99</option> </select>","<select class=""dropdown-pret""><option value=""1"">7.99</option><option value=""2"">6.99</option><option value=""3"">2.49</option><option value=""4"">9.99</option> </select>","<select class=""dropdown-scor""><option value=""1"">79</option><option value=""2"">74</option><option value=""3"">74</option><option value=""4"">74</option> </select>"
"161","pipote si inimi de pui fragedo per kg","10.5","<select class=""dropdown-pret""><option value=""1"">9.99</option><option value=""2"">9.99</option><option value=""3"">12.69</option><option value=""4"">19.99</option> </select>","<select class=""dropdown-pret""><option value=""1"">9.99</option><option value=""2"">9.99</option><option value=""3"">12.69</option><option value=""4"">19.99</option> </select>","<select class=""dropdown-scor""><option value=""1"">86</option><option value=""2"">82</option><option value=""3"">81</option><option value=""4"">79</option> </select>"
"162","portocale, per kg","6.49","<select class=""dropdown-pret""><option value=""1"">4.99</option><option value=""2"">10.99</option><option value=""3"">4.49</option><option value=""4"">3.99</option> </select>","<select class=""dropdown-pret""><option value=""1"">4.99</option><option value=""2"">10.99</option><option value=""3"">4.49</option><option value=""4"">3.99</option> </select>","<select class=""dropdown-scor""><option value=""1"">100</option><option value=""2"">86</option><option value=""3"">83</option><option value=""4"">74</option> </select>"
"167","pui grill fragedo, per kg","10.49","<select class=""dropdown-pret""><option value=""1"">9.99</option><option value=""2"">10.99</option><option value=""3"">9.99</option><option value=""4"">12.99</option> </select>","<select class=""dropdown-pret""><option value=""1"">9.99</option><option value=""2"">10.99</option><option value=""3"">9.99</option><option value=""4"">12.99</option> </select>","<select class=""dropdown-scor""><option value=""1"">100</option><option value=""2"">100</option><option value=""3"">96</option><option value=""4"">86</option> </select>"
"174","rosii import","3.99","<select class=""dropdown-pret""><option value=""1"">9.99</option><option value=""2"">2.49</option><option value=""3"">6.99</option><option value=""4"">2.49</option> </select>","<select class=""dropdown-pret""><option value=""1"">9.99</option><option value=""2"">2.49</option><option value=""3"">6.99</option><option value=""4"">2.49</option> </select>","<select class=""dropdown-scor""><option value=""1"">73</option><option value=""2"">73</option><option value=""3"">67</option><option value=""4"">67</option> </select>"
"188","sare marina grunjoasa solaris 500g","2.75","<select class=""dropdown-pret""><option value=""1"">7.09</option><option value=""2"">5.49</option><option value=""3"">8.84</option><option value=""4"">10.59</option> </select>","<select class=""dropdown-pret""><option value=""1"">7.09</option><option value=""2"">5.49</option><option value=""3"">8.84</option><option value=""4"">10.59</option> </select>","<select class=""dropdown-scor""><option value=""1"">80</option><option value=""2"">72</option><option value=""3"">67</option><option value=""4"">66</option> </select>"
"189","smantana 12% grasime albalact 200g","2.35","<select class=""dropdown-pret""><option value=""1"">2.39</option><option value=""2"">3.2</option><option value=""3"">8.12</option><option value=""4"">3.69</option> </select>","<select class=""dropdown-pret""><option value=""1"">2.39</option><option value=""2"">3.2</option><option value=""3"">8.12</option><option value=""4"">3.69</option> </select>","<select class=""dropdown-scor""><option value=""1"">100</option><option value=""2"">97</option><option value=""3"">97</option><option value=""4"">97</option> </select>"
"190","smantana 12% grasime albalact 900g","7.89","<select class=""dropdown-pret""><option value=""1"">8.12</option><option value=""2"">9.89</option><option value=""3"">3.69</option><option value=""4"">2.39</option> </select>","<select class=""dropdown-pret""><option value=""1"">8.12</option><option value=""2"">9.89</option><option value=""3"">3.69</option><option value=""4"">2.39</option> </select>","<select class=""dropdown-scor""><option value=""1"">100</option><option value=""2"">97</option><option value=""3"">97</option><option value=""4"">97</option> </select>"
"194","spaghetti panzani express 3 min. 500g","5.65","<select class=""dropdown-pret""><option value=""1"">5.65</option><option value=""2"">7.1</option><option value=""3"">5.95</option><option value=""4"">6.5</option> </select>","<select class=""dropdown-pret""><option value=""1"">5.65</option><option value=""2"">7.1</option><option value=""3"">5.95</option><option value=""4"">6.5</option> </select>","<select class=""dropdown-scor""><option value=""1"">99</option><option value=""2"">83</option><option value=""3"">78</option><option value=""4"">75</option> </select>"
"198","supa instant de pui cu taitei knorr 59g","2.9","<select class=""dropdown-pret""><option value=""1"">5.63</option><option value=""2"">1.49</option><option value=""3"">5.63</option><option value=""4"">5.7</option> </select>","<select class=""dropdown-pret""><option value=""1"">5.63</option><option value=""2"">1.49</option><option value=""3"">5.63</option><option value=""4"">5.7</option> </select>","<select class=""dropdown-scor""><option value=""1"">76</option><option value=""2"">69</option><option value=""3"">68</option><option value=""4"">67</option> </select>"
"238","varza alba","0.99","<select class=""dropdown-pret""><option value=""1"">1.49</option><option value=""2"">7.96</option><option value=""3"">1.49</option><option value=""4"">5.99</option> </select>","<select class=""dropdown-pret""><option value=""1"">1.49</option><option value=""2"">7.96</option><option value=""3"">1.49</option><option value=""4"">5.99</option> </select>","<select class=""dropdown-scor""><option value=""1"">100</option><option value=""2"">100</option><option value=""3"">67</option><option value=""4"">67</option> </select>"
"239","cartofi rosii","1.29","<select class=""dropdown-pret""><option value=""1"">2.49</option><option value=""2"">3.39</option><option value=""3"">2.49</option><option value=""4"">12.5</option> </select>","<select class=""dropdown-pret""><option value=""1"">2.49</option><option value=""2"">3.39</option><option value=""3"">2.49</option><option value=""4"">12.5</option> </select>","<select class=""dropdown-scor""><option value=""1"">100</option><option value=""2"">100</option><option value=""3"">83</option><option value=""4"">70</option> </select>"
"242","sfecla rosie kg","1.69","<select class=""dropdown-pret""><option value=""1"">6.42</option><option value=""2"">12.39</option><option value=""3"">12.85</option><option value=""4"">1.79</option> </select>","<select class=""dropdown-pret""><option value=""1"">6.42</option><option value=""2"">12.39</option><option value=""3"">12.85</option><option value=""4"">1.79</option> </select>","<select class=""dropdown-scor""><option value=""1"">89</option><option value=""2"">89</option><option value=""3"">89</option><option value=""4"">89</option> </select>"
"310","winny zahar 1kg","3.23","<select class=""dropdown-pret""><option value=""1"">6.89</option><option value=""2"">6.99</option><option value=""3"">3.3</option><option value=""4"">3.29</option> </select>","<select class=""dropdown-pret""><option value=""1"">6.89</option><option value=""2"">6.99</option><option value=""3"">3.3</option><option value=""4"">3.29</option> </select>","<select class=""dropdown-scor""><option value=""1"">75</option><option value=""2"">75</option><option value=""3"">75</option><option value=""4"">75</option> </select>"
"311","unisol ulei 1l","5.54","<select class=""dropdown-pret""><option value=""1"">29.15</option><option value=""2"">12.7</option><option value=""3"">12.59</option><option value=""4"">8.44</option> </select>","<select class=""dropdown-pret""><option value=""1"">29.15</option><option value=""2"">12.7</option><option value=""3"">12.59</option><option value=""4"">8.44</option> </select>","<select class=""dropdown-scor""><option value=""1"">88</option><option value=""2"">88</option><option value=""3"">88</option><option value=""4"">67</option> </select>"
"312","regal otet 1l","2.79","<select class=""dropdown-pret""><option value=""1"">2.79</option><option value=""2"">156.17</option><option value=""3"">2.9</option><option value=""4"">2.4</option> </select>","<select class=""dropdown-pret""><option value=""1"">2.79</option><option value=""2"">156.17</option><option value=""3"">2.9</option><option value=""4"">2.4</option> </select>","<select class=""dropdown-scor""><option value=""1"">100</option><option value=""2"">76</option><option value=""3"">70</option><option value=""4"">70</option> </select>"
"313","pambac malai superior 1kg","1.72","<select class=""dropdown-pret""><option value=""1"">3</option><option value=""2"">3.2</option><option value=""3"">3.15</option><option value=""4"">3.05</option> </select>","<select class=""dropdown-pret""><option value=""1"">3</option><option value=""2"">3.2</option><option value=""3"">3.15</option><option value=""4"">3.05</option> </select>","<select class=""dropdown-scor""><option value=""1"">88</option><option value=""2"">84</option><option value=""3"">84</option><option value=""4"">74</option> </select>"
"314","baneasa faina 1kg","3.07","<select class=""dropdown-pret""><option value=""1"">3.75</option><option value=""2"">3</option><option value=""3"">3.3</option><option value=""4"">3.09</option> </select>","<select class=""dropdown-pret""><option value=""1"">3.75</option><option value=""2"">3</option><option value=""3"">3.3</option><option value=""4"">3.09</option> </select>","<select class=""dropdown-scor""><option value=""1"">100</option><option value=""2"">100</option><option value=""3"">100</option><option value=""4"">100</option> </select>"
"315","dobrogea faina 1kg","3.03","<select class=""dropdown-pret""><option value=""1"">3.3</option><option value=""2"">3.02</option><option value=""3"">3.3</option><option value=""4"">5.68</option> </select>","<select class=""dropdown-pret""><option value=""1"">3.3</option><option value=""2"">3.02</option><option value=""3"">3.3</option><option value=""4"">5.68</option> </select>","<select class=""dropdown-scor""><option value=""1"">100</option><option value=""2"">100</option><option value=""3"">100</option><option value=""4"">76</option> </select>"
"316","dr.oetker praf copt 10g","0.38","<select class=""dropdown-pret""><option value=""1"">0.9</option><option value=""2"">1</option><option value=""3"">10.15</option><option value=""4"">2.83</option> </select>","<select class=""dropdown-pret""><option value=""1"">0.9</option><option value=""2"">1</option><option value=""3"">10.15</option><option value=""4"">2.83</option> </select>","<select class=""dropdown-scor""><option value=""1"">90</option><option value=""2"">90</option><option value=""3"">76</option><option value=""4"">76</option> </select>"
"317","titan pesmet 500g","3.11","<select class=""dropdown-pret""><option value=""1"">2.6</option><option value=""2"">3</option><option value=""3"">13.89</option><option value=""4"">6.63</option> </select>","<select class=""dropdown-pret""><option value=""1"">2.6</option><option value=""2"">3</option><option value=""3"">13.89</option><option value=""4"">6.63</option> </select>","<select class=""dropdown-scor""><option value=""1"">80</option><option value=""2"">79</option><option value=""3"">68</option><option value=""4"">63</option> </select>"
"318","pakmaya drojdie 25g","0.47","<select class=""dropdown-pret""><option value=""1"">0.48</option><option value=""2"">0.9</option><option value=""3"">1</option><option value=""4"">2.25</option> </select>","<select class=""dropdown-pret""><option value=""1"">0.48</option><option value=""2"">0.9</option><option value=""3"">1</option><option value=""4"">2.25</option> </select>","<select class=""dropdown-scor""><option value=""1"">100</option><option value=""2"">88</option><option value=""3"">58</option><option value=""4"">57</option> </select>"
"319","atifco orez 1kg","6.68","<select class=""dropdown-pret""><option value=""1"">6.39</option><option value=""2"">5.99</option><option value=""3"">6.59</option><option value=""4"">5.79</option> </select>","<select class=""dropdown-pret""><option value=""1"">6.39</option><option value=""2"">5.99</option><option value=""3"">6.59</option><option value=""4"">5.79</option> </select>","<select class=""dropdown-scor""><option value=""1"">100</option><option value=""2"">100</option><option value=""3"">100</option><option value=""4"">100</option> </select>"
"320","malai extra cora 1kg","2.29","<select class=""dropdown-pret""><option value=""1"">3.15</option><option value=""2"">3.19</option><option value=""3"">3.72</option><option value=""4"">2.25</option> </select>","<select class=""dropdown-pret""><option value=""1"">3.15</option><option value=""2"">3.19</option><option value=""3"">3.72</option><option value=""4"">2.25</option> </select>","<select class=""dropdown-scor""><option value=""1"">86</option><option value=""2"">86</option><option value=""3"">86</option><option value=""4"">72</option> </select>"
"321","delikat adaos legume 75g","1.87","<select class=""dropdown-pret""><option value=""1"">1.71</option><option value=""2"">5</option><option value=""3"">2.3</option><option value=""4"">3.39</option> </select>","<select class=""dropdown-pret""><option value=""1"">1.71</option><option value=""2"">5</option><option value=""3"">2.3</option><option value=""4"">3.39</option> </select>","<select class=""dropdown-scor""><option value=""1"">86</option><option value=""2"">74</option><option value=""3"">74</option><option value=""4"">74</option> </select>"
"322","zahar brun 500g","3.47","<select class=""dropdown-pret""><option value=""1"">9.17</option><option value=""2"">10.33</option><option value=""3"">5.19</option><option value=""4"">7.59</option> </select>","<select class=""dropdown-pret""><option value=""1"">9.17</option><option value=""2"">10.33</option><option value=""3"">5.19</option><option value=""4"">7.59</option> </select>","<select class=""dropdown-scor""><option value=""1"">100</option><option value=""2"">100</option><option value=""3"">100</option><option value=""4"">100</option> </select>"
"323","barilla spaghetti 500g","5.34","<select class=""dropdown-pret""><option value=""1"">4.19</option><option value=""2"">5.79</option><option value=""3"">5.65</option><option value=""4"">21.1</option> </select>","<select class=""dropdown-pret""><option value=""1"">4.19</option><option value=""2"">5.79</option><option value=""3"">5.65</option><option value=""4"">21.1</option> </select>","<select class=""dropdown-scor""><option value=""1"">86</option><option value=""2"">83</option><option value=""3"">78</option><option value=""4"">78</option> </select>"
"324","baneasa gris 500g","2.52","<select class=""dropdown-pret""><option value=""1"">2.5</option><option value=""2"">3.25</option><option value=""3"">2.15</option><option value=""4"">3.99</option> </select>","<select class=""dropdown-pret""><option value=""1"">2.5</option><option value=""2"">3.25</option><option value=""3"">2.15</option><option value=""4"">3.99</option> </select>","<select class=""dropdown-scor""><option value=""1"">100</option><option value=""2"">83</option><option value=""3"">83</option><option value=""4"">83</option> </select>"
"325","vincon otet 1l","3.22","<select class=""dropdown-pret""><option value=""1"">3.45</option><option value=""2"">2.9</option><option value=""3"">2.4</option><option value=""4"">1.4</option> </select>","<select class=""dropdown-pret""><option value=""1"">3.45</option><option value=""2"">2.9</option><option value=""3"">2.4</option><option value=""4"">1.4</option> </select>","<select class=""dropdown-scor""><option value=""1"">100</option><option value=""2"">67</option><option value=""3"">67</option><option value=""4"">67</option> </select>"
"326","dr.oetker esenta rom 38ml","3.55","<select class=""dropdown-pret""><option value=""1"">4.1</option><option value=""2"">4.1</option><option value=""3"">3.4</option><option value=""4"">4.1</option> </select>","<select class=""dropdown-pret""><option value=""1"">4.1</option><option value=""2"">4.1</option><option value=""3"">3.4</option><option value=""4"">4.1</option> </select>","<select class=""dropdown-scor""><option value=""1"">100</option><option value=""2"">91</option><option value=""3"">91</option><option value=""4"">91</option> </select>"
"327","dr.oetker esenta vanilie 38ml","3.48","<select class=""dropdown-pret""><option value=""1"">4.1</option><option value=""2"">3.35</option><option value=""3"">4.1</option><option value=""4"">3.4</option> </select>","<select class=""dropdown-pret""><option value=""1"">4.1</option><option value=""2"">3.35</option><option value=""3"">4.1</option><option value=""4"">3.4</option> </select>","<select class=""dropdown-scor""><option value=""1"">100</option><option value=""2"">91</option><option value=""3"">86</option><option value=""4"">84</option> </select>"
"328","dr.oetker original pudding pudra 40 g","1.04","<select class=""dropdown-pret""><option value=""1"">1.25</option><option value=""2"">1.1</option><option value=""3"">15.85</option><option value=""4"">5.75</option> </select>","<select class=""dropdown-pret""><option value=""1"">1.25</option><option value=""2"">1.1</option><option value=""3"">15.85</option><option value=""4"">5.75</option> </select>","<select class=""dropdown-scor""><option value=""1"">83</option><option value=""2"">83</option><option value=""3"">65</option><option value=""4"">65</option> </select>"
"337","raureni gem caise 370g","5.95","<select class=""dropdown-pret""><option value=""1"">3.99</option><option value=""2"">4.75</option><option value=""3"">5.05</option><option value=""4"">5.45</option> </select>","<select class=""dropdown-pret""><option value=""1"">3.99</option><option value=""2"">4.75</option><option value=""3"">5.05</option><option value=""4"">5.45</option> </select>","<select class=""dropdown-scor""><option value=""1"">100</option><option value=""2"">84</option><option value=""3"">84</option><option value=""4"">84</option> </select>"
"346","cereale cu ciocolata, caramel, vitamine si minerale nestle lion 500g","10.51","<select class=""dropdown-pret""><option value=""1"">11.08</option><option value=""2"">6.94</option><option value=""3"">9.58</option><option value=""4"">11.09</option> </select>","<select class=""dropdown-pret""><option value=""1"">11.08</option><option value=""2"">6.94</option><option value=""3"">9.58</option><option value=""4"">11.09</option> </select>","<select class=""dropdown-scor""><option value=""1"">100</option><option value=""2"">94</option><option value=""3"">89</option><option value=""4"">88</option> </select>"
"347","fulgi de porumb fortza de rontaiala 150g","2.39","<select class=""dropdown-pret""><option value=""1"">4.39</option><option value=""2"">14.65</option><option value=""3"">3.7</option><option value=""4"">5.84</option> </select>","<select class=""dropdown-pret""><option value=""1"">4.39</option><option value=""2"">14.65</option><option value=""3"">3.7</option><option value=""4"">5.84</option> </select>","<select class=""dropdown-scor""><option value=""1"">77</option><option value=""2"">73</option><option value=""3"">72</option><option value=""4"">71</option> </select>"
"348","vitalis musli 300g","8.37","<select class=""dropdown-pret""><option value=""1"">7.75</option><option value=""2"">7.75</option><option value=""3"">7.75</option><option value=""4"">15.05</option> </select>","<select class=""dropdown-pret""><option value=""1"">7.75</option><option value=""2"">7.75</option><option value=""3"">7.75</option><option value=""4"">15.05</option> </select>","<select class=""dropdown-scor""><option value=""1"">100</option><option value=""2"">100</option><option value=""3"">100</option><option value=""4"">84</option> </select>"
"349","jacobs kronung cafea 100g","4.51","<select class=""dropdown-pret""><option value=""1"">14.39</option><option value=""2"">4.45</option><option value=""3"">30.25</option><option value=""4"">43.35</option> </select>","<select class=""dropdown-pret""><option value=""1"">14.39</option><option value=""2"">4.45</option><option value=""3"">30.25</option><option value=""4"">43.35</option> </select>","<select class=""dropdown-scor""><option value=""1"">100</option><option value=""2"">100</option><option value=""3"">89</option><option value=""4"">89</option> </select>"
"350","cappuccino chocolate lafesta 125g","4.25","<select class=""dropdown-pret""><option value=""1"">3.95</option><option value=""2"">6.07</option><option value=""3"">6.07</option><option value=""4"">6.07</option> </select>","<select class=""dropdown-pret""><option value=""1"">3.95</option><option value=""2"">6.07</option><option value=""3"">6.07</option><option value=""4"">6.07</option> </select>","<select class=""dropdown-scor""><option value=""1"">82</option><option value=""2"">68</option><option value=""3"">68</option><option value=""4"">67</option> </select>"
"351","cafea macinata decofeinizata winny 100g","4.66","<select class=""dropdown-pret""><option value=""1"">7.02</option><option value=""2"">29.99</option><option value=""3"">18</option><option value=""4"">40.59</option> </select>","<select class=""dropdown-pret""><option value=""1"">7.02</option><option value=""2"">29.99</option><option value=""3"">18</option><option value=""4"">40.59</option> </select>","<select class=""dropdown-scor""><option value=""1"">92</option><option value=""2"">76</option><option value=""3"">76</option><option value=""4"">75</option> </select>"
"352","cora cafea solubila 100g","10.49","<select class=""dropdown-pret""><option value=""1"">28.7</option><option value=""2"">10.75</option><option value=""3"">13.8</option><option value=""4"">10.75</option> </select>","<select class=""dropdown-pret""><option value=""1"">28.7</option><option value=""2"">10.75</option><option value=""3"">13.8</option><option value=""4"">10.75</option> </select>","<select class=""dropdown-scor""><option value=""1"">88</option><option value=""2"">88</option><option value=""3"">88</option><option value=""4"">88</option> </select>"
"353","orbit spearmint guma mestecat 14g","1.57","<select class=""dropdown-pret""><option value=""1"">1.5</option><option value=""2"">4.65</option><option value=""3"">1.5</option><option value=""4"">1.8</option> </select>","<select class=""dropdown-pret""><option value=""1"">1.5</option><option value=""2"">4.65</option><option value=""3"">1.5</option><option value=""4"">1.8</option> </select>","<select class=""dropdown-scor""><option value=""1"">100</option><option value=""2"">94</option><option value=""3"">82</option><option value=""4"">82</option> </select>"
"354","eugenia biscuiti 36g","0.73","<select class=""dropdown-pret""><option value=""1"">0.77</option><option value=""2"">6.21</option><option value=""3"">0.75</option><option value=""4"">3.55</option> </select>","<select class=""dropdown-pret""><option value=""1"">0.77</option><option value=""2"">6.21</option><option value=""3"">0.75</option><option value=""4"">3.55</option> </select>","<select class=""dropdown-scor""><option value=""1"">100</option><option value=""2"">89</option><option value=""3"">89</option><option value=""4"">76</option> </select>"
"355","oreo biscuiti 66g","1.52","<select class=""dropdown-pret""><option value=""1"">3.55</option><option value=""2"">1.49</option><option value=""3"">3.39</option><option value=""4"">11.31</option> </select>","<select class=""dropdown-pret""><option value=""1"">3.55</option><option value=""2"">1.49</option><option value=""3"">3.39</option><option value=""4"">11.31</option> </select>","<select class=""dropdown-scor""><option value=""1"">100</option><option value=""2"">100</option><option value=""3"">87</option><option value=""4"">87</option> </select>"
"356","chipicao croissant cacao 60g","1.69","<select class=""dropdown-pret""><option value=""1"">1.67</option><option value=""2"">1.96</option><option value=""3"">2.29</option><option value=""4"">1.8</option> </select>","<select class=""dropdown-pret""><option value=""1"">1.67</option><option value=""2"">1.96</option><option value=""3"">2.29</option><option value=""4"">1.8</option> </select>","<select class=""dropdown-scor""><option value=""1"">100</option><option value=""2"">92</option><option value=""3"">70</option><option value=""4"">70</option> </select>"
"357","joe mini napolitana cacao 40g","1.01","<select class=""dropdown-pret""><option value=""1"">5.4</option><option value=""2"">2.75</option><option value=""3"">0.8</option><option value=""4"">0.89</option> </select>","<select class=""dropdown-pret""><option value=""1"">5.4</option><option value=""2"">2.75</option><option value=""3"">0.8</option><option value=""4"">0.89</option> </select>","<select class=""dropdown-scor""><option value=""1"">78</option><option value=""2"">78</option><option value=""3"">71</option><option value=""4"">71</option> </select>"
"358","rostar biscuiti extra petit beurre 300g","4","<select class=""dropdown-pret""><option value=""1"">5.25</option><option value=""2"">1.05</option><option value=""3"">5.3</option><option value=""4"">1.05</option> </select>","<select class=""dropdown-pret""><option value=""1"">5.25</option><option value=""2"">1.05</option><option value=""3"">5.3</option><option value=""4"">1.05</option> </select>","<select class=""dropdown-scor""><option value=""1"">92</option><option value=""2"">79</option><option value=""3"">79</option><option value=""4"">79</option> </select>"
"359","sugus traditional bomboane 80g","2.16","<select class=""dropdown-pret""><option value=""1"">2.15</option><option value=""2"">2.45</option><option value=""3"">2.45</option><option value=""4"">4</option> </select>","<select class=""dropdown-pret""><option value=""1"">2.15</option><option value=""2"">2.45</option><option value=""3"">2.45</option><option value=""4"">4</option> </select>","<select class=""dropdown-scor""><option value=""1"">100</option><option value=""2"">75</option><option value=""3"">75</option><option value=""4"">67</option> </select>"
"360","biscuiti cu crema de cacao cora 36g","0.52","<select class=""dropdown-pret""><option value=""1"">0.77</option><option value=""2"">0.45</option><option value=""3"">0.75</option><option value=""4"">0.39</option> </select>","<select class=""dropdown-pret""><option value=""1"">0.77</option><option value=""2"">0.45</option><option value=""3"">0.75</option><option value=""4"">0.39</option> </select>","<select class=""dropdown-scor""><option value=""1"">92</option><option value=""2"">90</option><option value=""3"">87</option><option value=""4"">87</option> </select>"
"361","feleacul halva 400g","5.79","<select class=""dropdown-pret""><option value=""1"">5.8</option><option value=""2"">3.15</option><option value=""3"">3.35</option><option value=""4"">4.6</option> </select>","<select class=""dropdown-pret""><option value=""1"">5.8</option><option value=""2"">3.15</option><option value=""3"">3.35</option><option value=""4"">4.6</option> </select>","<select class=""dropdown-scor""><option value=""1"">100</option><option value=""2"">95</option><option value=""3"">85</option><option value=""4"">62</option> </select>"
"362","fursecuri simple luci pol 300g","5.72","<select class=""dropdown-pret""><option value=""1"">11</option><option value=""2"">1.49</option><option value=""3"">14.39</option><option value=""4"">3.68</option> </select>","<select class=""dropdown-pret""><option value=""1"">11</option><option value=""2"">1.49</option><option value=""3"">14.39</option><option value=""4"">3.68</option> </select>","<select class=""dropdown-scor""><option value=""1"">65</option><option value=""2"">59</option><option value=""3"">56</option><option value=""4"">56</option> </select>"
"363","boromir covrigei 100g","1.24","<select class=""dropdown-pret""><option value=""1"">1.15</option><option value=""2"">1.15</option><option value=""3"">1.15</option><option value=""4"">3.2</option> </select>","<select class=""dropdown-pret""><option value=""1"">1.15</option><option value=""2"">1.15</option><option value=""3"">1.15</option><option value=""4"">3.2</option> </select>","<select class=""dropdown-scor""><option value=""1"">100</option><option value=""2"">100</option><option value=""3"">100</option><option value=""4"">86</option> </select>"
"364","monte banato saratele 125g","2.36","<select class=""dropdown-pret""><option value=""1"">2.35</option><option value=""2"">2.55</option><option value=""3"">1.89</option><option value=""4"">2.65</option> </select>","<select class=""dropdown-pret""><option value=""1"">2.35</option><option value=""2"">2.55</option><option value=""3"">1.89</option><option value=""4"">2.65</option> </select>","<select class=""dropdown-scor""><option value=""1"">100</option><option value=""2"">77</option><option value=""3"">72</option><option value=""4"">70</option> </select>"
"371","bautura racoritoare pepsi cola 1.25l","3.27","<select class=""dropdown-pret""><option value=""1"">3</option><option value=""2"">4.51</option><option value=""3"">1.81</option><option value=""4"">3.8</option> </select>","<select class=""dropdown-pret""><option value=""1"">3</option><option value=""2"">4.51</option><option value=""3"">1.81</option><option value=""4"">3.8</option> </select>","<select class=""dropdown-scor""><option value=""1"">100</option><option value=""2"">93</option><option value=""3"">93</option><option value=""4"">93</option> </select>"
"372","fanta portocale 0.5l","2.47","<select class=""dropdown-pret""><option value=""1"">3.09</option><option value=""2"">2.3</option><option value=""3"">5.1</option><option value=""4"">2.39</option> </select>","<select class=""dropdown-pret""><option value=""1"">3.09</option><option value=""2"">2.3</option><option value=""3"">5.1</option><option value=""4"">2.39</option> </select>","<select class=""dropdown-scor""><option value=""1"">100</option><option value=""2"">100</option><option value=""3"">95</option><option value=""4"">92</option> </select>"
"373","coca cola 2l","4.39","<select class=""dropdown-pret""><option value=""1"">12</option><option value=""2"">4.35</option><option value=""3"">7.98</option><option value=""4"">12</option> </select>","<select class=""dropdown-pret""><option value=""1"">12</option><option value=""2"">4.35</option><option value=""3"">7.98</option><option value=""4"">12</option> </select>","<select class=""dropdown-scor""><option value=""1"">100</option><option value=""2"">100</option><option value=""3"">100</option><option value=""4"">100</option> </select>"
"374","tedi suc de mere, morcovi si zmeura 200ml","1.2","<select class=""dropdown-pret""><option value=""1"">1.6</option><option value=""2"">1.89</option><option value=""3"">3.93</option><option value=""4"">1.05</option> </select>","<select class=""dropdown-pret""><option value=""1"">1.6</option><option value=""2"">1.89</option><option value=""3"">3.93</option><option value=""4"">1.05</option> </select>","<select class=""dropdown-scor""><option value=""1"">92</option><option value=""2"">83</option><option value=""3"">82</option><option value=""4"">81</option> </select>"
"375","fruttia delicio suc tutti frutti 1,5l","3","<select class=""dropdown-pret""><option value=""1"">3.2</option><option value=""2"">3.2</option><option value=""3"">4.05</option><option value=""4"">3.2</option> </select>","<select class=""dropdown-pret""><option value=""1"">3.2</option><option value=""2"">3.2</option><option value=""3"">4.05</option><option value=""4"">3.2</option> </select>","<select class=""dropdown-scor""><option value=""1"">93</option><option value=""2"">68</option><option value=""3"">66</option><option value=""4"">60</option> </select>"
"382","vin alb feteasca regala jidvei doc-cmd 0.75l","12.28","<select class=""dropdown-pret""><option value=""1"">15.06</option><option value=""2"">12.29</option><option value=""3"">12.38</option><option value=""4"">8.15</option> </select>","<select class=""dropdown-pret""><option value=""1"">15.06</option><option value=""2"">12.29</option><option value=""3"">12.38</option><option value=""4"">8.15</option> </select>","<select class=""dropdown-scor""><option value=""1"">90</option><option value=""2"">90</option><option value=""3"">87</option><option value=""4"">82</option> </select>"
"383","vin alb grasa de cotnari doc-cmd 0.75l","12.78","<select class=""dropdown-pret""><option value=""1"">118</option><option value=""2"">7.72</option><option value=""3"">6.59</option><option value=""4"">13.29</option> </select>","<select class=""dropdown-pret""><option value=""1"">118</option><option value=""2"">7.72</option><option value=""3"">6.59</option><option value=""4"">13.29</option> </select>","<select class=""dropdown-scor""><option value=""1"">80</option><option value=""2"">79</option><option value=""3"">77</option><option value=""4"">76</option> </select>"
"384","vin alb de masa muscatel 2l","9.47","<select class=""dropdown-pret""><option value=""1"">11.25</option><option value=""2"">8.95</option><option value=""3"">12.83</option><option value=""4"">7.28</option> </select>","<select class=""dropdown-pret""><option value=""1"">11.25</option><option value=""2"">8.95</option><option value=""3"">12.83</option><option value=""4"">7.28</option> </select>","<select class=""dropdown-scor""><option value=""1"">89</option><option value=""2"">83</option><option value=""3"">76</option><option value=""4"">75</option> </select>"
"385","vin alb selectionat beciul domnesc doc-cmd 1l","9.17","<select class=""dropdown-pret""><option value=""1"">15.29</option><option value=""2"">15.29</option><option value=""3"">15.29</option><option value=""4"">15.29</option> </select>","<select class=""dropdown-pret""><option value=""1"">15.29</option><option value=""2"">15.29</option><option value=""3"">15.29</option><option value=""4"">15.29</option> </select>","<select class=""dropdown-scor""><option value=""1"">77</option><option value=""2"">73</option><option value=""3"">70</option><option value=""4"">70</option> </select>"
"386","vin alb tamaioasa romaneasca cotnari doc-cmd 0.75l","13.36","<select class=""dropdown-pret""><option value=""1"">11.6</option><option value=""2"">15.2</option><option value=""3"">50</option><option value=""4"">109.07</option> </select>","<select class=""dropdown-pret""><option value=""1"">11.6</option><option value=""2"">15.2</option><option value=""3"">50</option><option value=""4"">109.07</option> </select>","<select class=""dropdown-scor""><option value=""1"">93</option><option value=""2"">91</option><option value=""3"">83</option><option value=""4"">82</option> </select>"
"387","jidvei muscat ottonel vin demidulce 0.75l","12.12","<select class=""dropdown-pret""><option value=""1"">14.89</option><option value=""2"">11.97</option><option value=""3"">7.28</option><option value=""4"">9.42</option> </select>","<select class=""dropdown-pret""><option value=""1"">14.89</option><option value=""2"">11.97</option><option value=""3"">7.28</option><option value=""4"">9.42</option> </select>","<select class=""dropdown-scor""><option value=""1"">81</option><option value=""2"">80</option><option value=""3"">79</option><option value=""4"">78</option> </select>"
"388","vin alb sauvignon blanc vinaria ostrov 1.5l","11.49","<select class=""dropdown-pret""><option value=""1"">9.56</option><option value=""2"">9.4</option><option value=""3"">19.99</option><option value=""4"">58.85</option> </select>","<select class=""dropdown-pret""><option value=""1"">9.56</option><option value=""2"">9.4</option><option value=""3"">19.99</option><option value=""4"">58.85</option> </select>","<select class=""dropdown-scor""><option value=""1"">94</option><option value=""2"">79</option><option value=""3"">79</option><option value=""4"">79</option> </select>"
"389","vin alb feteasca alba jidvei 2013 doc-cmd 0.75l","12.25","<select class=""dropdown-pret""><option value=""1"">12.38</option><option value=""2"">15.06</option><option value=""3"">12.29</option><option value=""4"">78.42</option> </select>","<select class=""dropdown-pret""><option value=""1"">12.38</option><option value=""2"">15.06</option><option value=""3"">12.29</option><option value=""4"">78.42</option> </select>","<select class=""dropdown-scor""><option value=""1"">94</option><option value=""2"">77</option><option value=""3"">77</option><option value=""4"">75</option> </select>"
"390","vin alb pinot gris jidvei doc-cmd 0.75l","16.1","<select class=""dropdown-pret""><option value=""1"">15.79</option><option value=""2"">11.99</option><option value=""3"">15.79</option><option value=""4"">7.8</option> </select>","<select class=""dropdown-pret""><option value=""1"">15.79</option><option value=""2"">11.99</option><option value=""3"">15.79</option><option value=""4"">7.8</option> </select>","<select class=""dropdown-scor""><option value=""1"">89</option><option value=""2"">72</option><option value=""3"">72</option><option value=""4"">72</option> </select>"
"391","vin rose demidulce ""te iubesc"" cramele recas 0.75l","12.94","<select class=""dropdown-pret""><option value=""1"">11.99</option><option value=""2"">21.85</option><option value=""3"">12.05</option><option value=""4"">7.28</option> </select>","<select class=""dropdown-pret""><option value=""1"">11.99</option><option value=""2"">21.85</option><option value=""3"">12.05</option><option value=""4"">7.28</option> </select>","<select class=""dropdown-scor""><option value=""1"">79</option><option value=""2"">78</option><option value=""3"">75</option><option value=""4"">75</option> </select>"
"392","vin alb sec feteasca regala clasic jidvei 0.75l","15.23","<select class=""dropdown-pret""><option value=""1"">15.06</option><option value=""2"">12.38</option><option value=""3"">12.29</option><option value=""4"">11.99</option> </select>","<select class=""dropdown-pret""><option value=""1"">15.06</option><option value=""2"">12.38</option><option value=""3"">12.29</option><option value=""4"">11.99</option> </select>","<select class=""dropdown-scor""><option value=""1"">100</option><option value=""2"">93</option><option value=""3"">90</option><option value=""4"">85</option> </select>"
"393","vin alb sauvignon blanc jidvei premiat doc-cmd 0.75l","14.05","<select class=""dropdown-pret""><option value=""1"">13.97</option><option value=""2"">7.09</option><option value=""3"">15.06</option><option value=""4"">17.15</option> </select>","<select class=""dropdown-pret""><option value=""1"">13.97</option><option value=""2"">7.09</option><option value=""3"">15.06</option><option value=""4"">17.15</option> </select>","<select class=""dropdown-scor""><option value=""1"">92</option><option value=""2"">90</option><option value=""3"">87</option><option value=""4"">87</option> </select>"
"394","vin alb feteasca alba cotnari doc-cmd 0.75l","13.85","<select class=""dropdown-pret""><option value=""1"">13.29</option><option value=""2"">12.38</option><option value=""3"">7.72</option><option value=""4"">14.99</option> </select>","<select class=""dropdown-pret""><option value=""1"">13.29</option><option value=""2"">12.38</option><option value=""3"">7.72</option><option value=""4"">14.99</option> </select>","<select class=""dropdown-scor""><option value=""1"">90</option><option value=""2"">83</option><option value=""3"">79</option><option value=""4"">77</option> </select>"
"395","vin rosu merlot zestrea murfatlar doc-ct 0.75l","13.43","<select class=""dropdown-pret""><option value=""1"">26.2</option><option value=""2"">30.75</option><option value=""3"">31.86</option><option value=""4"">22.3</option> </select>","<select class=""dropdown-pret""><option value=""1"">26.2</option><option value=""2"">30.75</option><option value=""3"">31.86</option><option value=""4"">22.3</option> </select>","<select class=""dropdown-scor""><option value=""1"">78</option><option value=""2"">76</option><option value=""3"">75</option><option value=""4"">74</option> </select>"
"399","rachiu de pere cu fruct prodvinalco 0.7l","117.96","<select class=""dropdown-pret""><option value=""1"">72.95</option><option value=""2"">13.33</option><option value=""3"">8.78</option><option value=""4"">5.97</option> </select>","<select class=""dropdown-pret""><option value=""1"">72.95</option><option value=""2"">13.33</option><option value=""3"">8.78</option><option value=""4"">5.97</option> </select>","<select class=""dropdown-scor""><option value=""1"">69</option><option value=""2"">60</option><option value=""3"">60</option><option value=""4"">60</option> </select>"
"433","rosii intregi decojite 400g bella rosa","3.49","<select class=""dropdown-pret""><option value=""1"">3.2</option><option value=""2"">2.84</option><option value=""3"">4.24</option><option value=""4"">4.5</option> </select>","<select class=""dropdown-pret""><option value=""1"">3.2</option><option value=""2"">2.84</option><option value=""3"">4.24</option><option value=""4"">4.5</option> </select>","<select class=""dropdown-scor""><option value=""1"">90</option><option value=""2"">86</option><option value=""3"">86</option><option value=""4"">86</option> </select>"
"445","paste fainoase fusilli nr 98 500g barilla","5.69","<select class=""dropdown-pret""><option value=""1"">10</option><option value=""2"">6.78</option><option value=""3"">5.2</option><option value=""4"">5.65</option> </select>","<select class=""dropdown-pret""><option value=""1"">10</option><option value=""2"">6.78</option><option value=""3"">5.2</option><option value=""4"">5.65</option> </select>","<select class=""dropdown-scor""><option value=""1"">91</option><option value=""2"">88</option><option value=""3"">87</option><option value=""4"">84</option> </select>"
"450","paste fainoase fusilli fara ou 400g baneasa","2.79","<select class=""dropdown-pret""><option value=""1"">2.25</option><option value=""2"">5.93</option><option value=""3"">5.93</option><option value=""4"">3.71</option> </select>","<select class=""dropdown-pret""><option value=""1"">2.25</option><option value=""2"">5.93</option><option value=""3"">5.93</option><option value=""4"">3.71</option> </select>","<select class=""dropdown-scor""><option value=""1"">100</option><option value=""2"">90</option><option value=""3"">90</option><option value=""4"">82</option> </select>"
"503","orez cu bob mare 500g agrino","4.69","<select class=""dropdown-pret""><option value=""1"">2.69</option><option value=""2"">6.59</option><option value=""3"">6.23</option><option value=""4"">2.39</option> </select>","<select class=""dropdown-pret""><option value=""1"">2.69</option><option value=""2"">6.59</option><option value=""3"">6.23</option><option value=""4"">2.39</option> </select>","<select class=""dropdown-scor""><option value=""1"">86</option><option value=""2"">80</option><option value=""3"">74</option><option value=""4"">73</option> </select>"
"530","ceai cu afine si merisoare 20x2g fares","2.64","<select class=""dropdown-pret""><option value=""1"">2.23</option><option value=""2"">9.25</option><option value=""3"">2.65</option><option value=""4"">2.61</option> </select>","<select class=""dropdown-pret""><option value=""1"">2.23</option><option value=""2"">9.25</option><option value=""3"">2.65</option><option value=""4"">2.61</option> </select>","<select class=""dropdown-scor""><option value=""1"">95</option><option value=""2"">83</option><option value=""3"">72</option><option value=""4"">72</option> </select>"
"534","ceai fructele carpatilor aromfruct 20 plicuri 20x2g fares","2.55","<select class=""dropdown-pret""><option value=""1"">4.37</option><option value=""2"">2.6</option><option value=""3"">2.83</option><option value=""4"">9.25</option> </select>","<select class=""dropdown-pret""><option value=""1"">4.37</option><option value=""2"">2.6</option><option value=""3"">2.83</option><option value=""4"">9.25</option> </select>","<select class=""dropdown-scor""><option value=""1"">95</option><option value=""2"">95</option><option value=""3"">86</option><option value=""4"">83</option> </select>"
"551","praline black excelcium 180g hamlet","9.52","<select class=""dropdown-pret""><option value=""1"">22.92</option><option value=""2"">10.08</option><option value=""3"">10.18</option><option value=""4"">2.95</option> </select>","<select class=""dropdown-pret""><option value=""1"">22.92</option><option value=""2"">10.08</option><option value=""3"">10.18</option><option value=""4"">2.95</option> </select>","<select class=""dropdown-scor""><option value=""1"">60</option><option value=""2"">58</option><option value=""3"">56</option><option value=""4"">56</option> </select>"
"561","praline red excelcium 180g hamlet","10.99","<select class=""dropdown-pret""><option value=""1"">2.2</option><option value=""2"">18.17</option><option value=""3"">18.17</option><option value=""4"">1.75</option> </select>","<select class=""dropdown-pret""><option value=""1"">2.2</option><option value=""2"">18.17</option><option value=""3"">18.17</option><option value=""4"">1.75</option> </select>","<select class=""dropdown-scor""><option value=""1"">59</option><option value=""2"">57</option><option value=""3"">57</option><option value=""4"">57</option> </select>"
"568","bautura racoritoare carbogazoasa cu suc de grapefruit roz 2.5l frutti fresh","5.03","<select class=""dropdown-pret""><option value=""1"">5.63</option><option value=""2"">4.05</option><option value=""3"">3.93</option><option value=""4"">5.11</option> </select>","<select class=""dropdown-pret""><option value=""1"">5.63</option><option value=""2"">4.05</option><option value=""3"">3.93</option><option value=""4"">5.11</option> </select>","<select class=""dropdown-scor""><option value=""1"">94</option><option value=""2"">94</option><option value=""3"">92</option><option value=""4"">91</option> </select>"
"569","bautura racoritoare necarbogazoasa cu aroma de piersica 0.5l nestea","2.85","<select class=""dropdown-pret""><option value=""1"">4.85</option><option value=""2"">4.85</option><option value=""3"">4.85</option><option value=""4"">4.85</option> </select>","<select class=""dropdown-pret""><option value=""1"">4.85</option><option value=""2"">4.85</option><option value=""3"">4.85</option><option value=""4"">4.85</option> </select>","<select class=""dropdown-scor""><option value=""1"">99</option><option value=""2"">93</option><option value=""3"">91</option><option value=""4"">91</option> </select>"
"572","bautura racoritoare carbogazoasa cu lime 2l coca-cola","4.83","<select class=""dropdown-pret""><option value=""1"">4.35</option><option value=""2"">12.54</option><option value=""3"">12</option><option value=""4"">4.35</option> </select>","<select class=""dropdown-pret""><option value=""1"">4.35</option><option value=""2"">12.54</option><option value=""3"">12</option><option value=""4"">4.35</option> </select>","<select class=""dropdown-scor""><option value=""1"">100</option><option value=""2"">97</option><option value=""3"">96</option><option value=""4"">95</option> </select>"
"573","bautura racoritoare necarbonatata cu aroma de ceai verde ice tea 1.5l lipton","4.37","<select class=""dropdown-pret""><option value=""1"">4.35</option><option value=""2"">2.59</option><option value=""3"">4.35</option><option value=""4"">4.35</option> </select>","<select class=""dropdown-pret""><option value=""1"">4.35</option><option value=""2"">2.59</option><option value=""3"">4.35</option><option value=""4"">4.35</option> </select>","<select class=""dropdown-scor""><option value=""1"">100</option><option value=""2"">97</option><option value=""3"">84</option><option value=""4"">84</option> </select>"
"574","bautura racoritoare necarbonatata cu aroma de lamaie ice tea 1.5l lipton","4.37","<select class=""dropdown-pret""><option value=""1"">4.35</option><option value=""2"">2.59</option><option value=""3"">4.85</option><option value=""4"">4.35</option> </select>","<select class=""dropdown-pret""><option value=""1"">4.35</option><option value=""2"">2.59</option><option value=""3"">4.85</option><option value=""4"">4.35</option> </select>","<select class=""dropdown-scor""><option value=""1"">100</option><option value=""2"">87</option><option value=""3"">85</option><option value=""4"">84</option> </select>"
"583","bere pet 2.5l skol","5.99","<select class=""dropdown-pret""><option value=""1"">5.69</option><option value=""2"">5.8</option><option value=""3"">5.74</option><option value=""4"">7.15</option> </select>","<select class=""dropdown-pret""><option value=""1"">5.69</option><option value=""2"">5.8</option><option value=""3"">5.74</option><option value=""4"">7.15</option> </select>","<select class=""dropdown-scor""><option value=""1"">86</option><option value=""2"">84</option><option value=""3"">84</option><option value=""4"">84</option> </select>"
"585","bere fara alcool natur radler natur radler 0.5l ciuc","2.87","<select class=""dropdown-pret""><option value=""1"">1.86</option><option value=""2"">8.76</option><option value=""3"">2.02</option><option value=""4"">3.09</option> </select>","<select class=""dropdown-pret""><option value=""1"">1.86</option><option value=""2"">8.76</option><option value=""3"">2.02</option><option value=""4"">3.09</option> </select>","<select class=""dropdown-scor""><option value=""1"">96</option><option value=""2"">93</option><option value=""3"">92</option><option value=""4"">88</option> </select>"
"591","bere 0.5l stejar","2.85","<select class=""dropdown-pret""><option value=""1"">2.61</option><option value=""2"">2.72</option><option value=""3"">4.02</option><option value=""4"">4.15</option> </select>","<select class=""dropdown-pret""><option value=""1"">2.61</option><option value=""2"">2.72</option><option value=""3"">4.02</option><option value=""4"">4.15</option> </select>","<select class=""dropdown-scor""><option value=""1"">100</option><option value=""2"">94</option><option value=""3"">81</option><option value=""4"">80</option> </select>"
"593","bere blonda fara alcool 0.5l golden brau","2.73","<select class=""dropdown-pret""><option value=""1"">2.68</option><option value=""2"">2.41</option><option value=""3"">2.5</option><option value=""4"">15.25</option> </select>","<select class=""dropdown-pret""><option value=""1"">2.68</option><option value=""2"">2.41</option><option value=""3"">2.5</option><option value=""4"">15.25</option> </select>","<select class=""dropdown-scor""><option value=""1"">100</option><option value=""2"">100</option><option value=""3"">100</option><option value=""4"">98</option> </select>"
"594","struguri albi (vrac)","4.99","<select class=""dropdown-pret""><option value=""1"">13.59</option><option value=""2"">4.05</option><option value=""3"">12.49</option><option value=""4"">12.99</option> </select>","<select class=""dropdown-pret""><option value=""1"">13.59</option><option value=""2"">4.05</option><option value=""3"">12.49</option><option value=""4"">12.99</option> </select>","<select class=""dropdown-scor""><option value=""1"">87</option><option value=""2"">84</option><option value=""3"">84</option><option value=""4"">76</option> </select>"
"603","struguri negri kg (vrac)","7.99","<select class=""dropdown-pret""><option value=""1"">13.59</option><option value=""2"">12.99</option><option value=""3"">8.09</option><option value=""4"">8.59</option> </select>","<select class=""dropdown-pret""><option value=""1"">13.59</option><option value=""2"">12.99</option><option value=""3"">8.09</option><option value=""4"">8.59</option> </select>","<select class=""dropdown-scor""><option value=""1"">87</option><option value=""2"">76</option><option value=""3"">74</option><option value=""4"">74</option> </select>"
"604","struguri roze (vrac)","9.99","<select class=""dropdown-pret""><option value=""1"">12.99</option><option value=""2"">13.59</option><option value=""3"">24.49</option><option value=""4"">16.43</option> </select>","<select class=""dropdown-pret""><option value=""1"">12.99</option><option value=""2"">13.59</option><option value=""3"">24.49</option><option value=""4"">16.43</option> </select>","<select class=""dropdown-scor""><option value=""1"">100</option><option value=""2"">97</option><option value=""3"">62</option><option value=""4"">62</option> </select>"
"607","piersici paraguayos (vrac)","5.99","<select class=""dropdown-pret""><option value=""1"">19.99</option><option value=""2"">7.99</option><option value=""3"">14.59</option><option value=""4"">5.59</option> </select>","<select class=""dropdown-pret""><option value=""1"">19.99</option><option value=""2"">7.99</option><option value=""3"">14.59</option><option value=""4"">5.59</option> </select>","<select class=""dropdown-scor""><option value=""1"">67</option><option value=""2"">64</option><option value=""3"">57</option><option value=""4"">57</option> </select>"
"609","rosii kg gusturi romanesti","3.29","<select class=""dropdown-pret""><option value=""1"">16.59</option><option value=""2"">20.59</option><option value=""3"">18.79</option><option value=""4"">26.59</option> </select>","<select class=""dropdown-pret""><option value=""1"">16.59</option><option value=""2"">20.59</option><option value=""3"">18.79</option><option value=""4"">26.59</option> </select>","<select class=""dropdown-scor""><option value=""1"">87</option><option value=""2"">87</option><option value=""3"">87</option><option value=""4"">87</option> </select>"
"611","ardei gras bianca kg gusturi romanesti","2.99","<select class=""dropdown-pret""><option value=""1"">19.59</option><option value=""2"">26.59</option><option value=""3"">17.59</option><option value=""4"">16.59</option> </select>","<select class=""dropdown-pret""><option value=""1"">19.59</option><option value=""2"">26.59</option><option value=""3"">17.59</option><option value=""4"">16.59</option> </select>","<select class=""dropdown-scor""><option value=""1"">80</option><option value=""2"">75</option><option value=""3"">75</option><option value=""4"">74</option> </select>"
"612","cartofi albi 2.5kg 365","2.99","<select class=""dropdown-pret""><option value=""1"">6.59</option><option value=""2"">2.49</option><option value=""3"">10.79</option><option value=""4"">13.59</option> </select>","<select class=""dropdown-pret""><option value=""1"">6.59</option><option value=""2"">2.49</option><option value=""3"">10.79</option><option value=""4"">13.59</option> </select>","<select class=""dropdown-scor""><option value=""1"">89</option><option value=""2"">78</option><option value=""3"">77</option><option value=""4"">74</option> </select>"
"614","castraveti cornison kg gusturi romanesti","2.79","<select class=""dropdown-pret""><option value=""1"">19.59</option><option value=""2"">4.99</option><option value=""3"">16.59</option><option value=""4"">26.59</option> </select>","<select class=""dropdown-pret""><option value=""1"">19.59</option><option value=""2"">4.99</option><option value=""3"">16.59</option><option value=""4"">26.59</option> </select>","<select class=""dropdown-scor""><option value=""1"">77</option><option value=""2"">77</option><option value=""3"">74</option><option value=""4"">74</option> </select>"
"618","cartofi rosii 2.5kg 365","3.49","<select class=""dropdown-pret""><option value=""1"">6.59</option><option value=""2"">2.49</option><option value=""3"">2.49</option><option value=""4"">3.39</option> </select>","<select class=""dropdown-pret""><option value=""1"">6.59</option><option value=""2"">2.49</option><option value=""3"">2.49</option><option value=""4"">3.39</option> </select>","<select class=""dropdown-scor""><option value=""1"">91</option><option value=""2"">79</option><option value=""3"">78</option><option value=""4"">76</option> </select>"
"623","morcov 1kg (produs ambalat)","1.99","<select class=""dropdown-pret""><option value=""1"">11.59</option><option value=""2"">6.09</option><option value=""3"">10.59</option><option value=""4"">7.59</option> </select>","<select class=""dropdown-pret""><option value=""1"">11.59</option><option value=""2"">6.09</option><option value=""3"">10.59</option><option value=""4"">7.59</option> </select>","<select class=""dropdown-scor""><option value=""1"">84</option><option value=""2"">82</option><option value=""3"">78</option><option value=""4"">74</option> </select>"
"626","cartofi 5kg 365","19.49","<select class=""dropdown-pret""><option value=""1"">6.59</option><option value=""2"">13.59</option><option value=""3"">7.19</option><option value=""4"">10.79</option> </select>","<select class=""dropdown-pret""><option value=""1"">6.59</option><option value=""2"">13.59</option><option value=""3"">7.19</option><option value=""4"">10.79</option> </select>","<select class=""dropdown-scor""><option value=""1"">100</option><option value=""2"">85</option><option value=""3"">85</option><option value=""4"">85</option> </select>"
"647","lapte consum 3.5% grasime 1l kaerntner","11.39","<select class=""dropdown-pret""><option value=""1"">4.79</option><option value=""2"">11.24</option><option value=""3"">7.3</option><option value=""4"">9.39</option> </select>","<select class=""dropdown-pret""><option value=""1"">4.79</option><option value=""2"">11.24</option><option value=""3"">7.3</option><option value=""4"">9.39</option> </select>","<select class=""dropdown-scor""><option value=""1"">84</option><option value=""2"">84</option><option value=""3"">84</option><option value=""4"">83</option> </select>"
"652","aripioare de pui picante kg le boucher","14.99","<select class=""dropdown-pret""><option value=""1"">12.59</option><option value=""2"">12.69</option><option value=""3"">10.99</option><option value=""4"">22.59</option> </select>","<select class=""dropdown-pret""><option value=""1"">12.59</option><option value=""2"">12.69</option><option value=""3"">10.99</option><option value=""4"">22.59</option> </select>","<select class=""dropdown-scor""><option value=""1"">77</option><option value=""2"">76</option><option value=""3"">70</option><option value=""4"">69</option> </select>"
"657","puisor de ferma franta kg savel","35.19","<select class=""dropdown-pret""><option value=""1"">78.59</option><option value=""2"">24.99</option><option value=""3"">14.99</option><option value=""4"">31.5</option> </select>","<select class=""dropdown-pret""><option value=""1"">78.59</option><option value=""2"">24.99</option><option value=""3"">14.99</option><option value=""4"">31.5</option> </select>","<select class=""dropdown-scor""><option value=""1"">62</option><option value=""2"">60</option><option value=""3"">58</option><option value=""4"">56</option> </select>"
"672","pui grill kg gusturi romanesti","17.59","<select class=""dropdown-pret""><option value=""1"">18.79</option><option value=""2"">11.42</option><option value=""3"">16.59</option><option value=""4"">20.59</option> </select>","<select class=""dropdown-pret""><option value=""1"">18.79</option><option value=""2"">11.42</option><option value=""3"">16.59</option><option value=""4"">20.59</option> </select>","<select class=""dropdown-scor""><option value=""1"">89</option><option value=""2"">82</option><option value=""3"">80</option><option value=""4"">80</option> </select>"
"698","telemea de oaie 350g president","12.99","<select class=""dropdown-pret""><option value=""1"">12.8</option><option value=""2"">7.1</option><option value=""3"">37.45</option><option value=""4"">10</option> </select>","<select class=""dropdown-pret""><option value=""1"">12.8</option><option value=""2"">7.1</option><option value=""3"">37.45</option><option value=""4"">10</option> </select>","<select class=""dropdown-scor""><option value=""1"">100</option><option value=""2"">93</option><option value=""3"">91</option><option value=""4"">91</option> </select>"
"706","paine de secara benecol 240g dobrogea","4.92","<select class=""dropdown-pret""><option value=""1"">4.8</option><option value=""2"">4.58</option><option value=""3"">5.68</option><option value=""4"">1.99</option> </select>","<select class=""dropdown-pret""><option value=""1"">4.8</option><option value=""2"">4.58</option><option value=""3"">5.68</option><option value=""4"">1.99</option> </select>","<select class=""dropdown-scor""><option value=""1"">100</option><option value=""2"">100</option><option value=""3"">85</option><option value=""4"">75</option> </select>"
"714","paine feliata fara sare 300g dobrogea","1.59","<select class=""dropdown-pret""><option value=""1"">5.68</option><option value=""2"">4.58</option><option value=""3"">3.29</option><option value=""4"">3.26</option> </select>","<select class=""dropdown-pret""><option value=""1"">5.68</option><option value=""2"">4.58</option><option value=""3"">3.29</option><option value=""4"">3.26</option> </select>","<select class=""dropdown-scor""><option value=""1"">85</option><option value=""2"">85</option><option value=""3"">82</option><option value=""4"">82</option> </select>"
"718","fasole verde taiata 400g 365","2.56","<select class=""dropdown-pret""><option value=""1"">8</option><option value=""2"">4.49</option><option value=""3"">2.63</option><option value=""4"">6.1</option> </select>","<select class=""dropdown-pret""><option value=""1"">8</option><option value=""2"">4.49</option><option value=""3"">2.63</option><option value=""4"">6.1</option> </select>","<select class=""dropdown-scor""><option value=""1"">81</option><option value=""2"">81</option><option value=""3"">81</option><option value=""4"">76</option> </select>"
"735","pastrav eviscerat 600g azuris","18.66","<select class=""dropdown-pret""><option value=""1"">2.42</option><option value=""2"">11.5</option><option value=""3"">3.45</option><option value=""4"">4.5</option> </select>","<select class=""dropdown-pret""><option value=""1"">2.42</option><option value=""2"">11.5</option><option value=""3"">3.45</option><option value=""4"">4.5</option> </select>","<select class=""dropdown-scor""><option value=""1"">61</option><option value=""2"">61</option><option value=""3"">61</option><option value=""4"">60</option> </select>"
